{
  "version": 1,
  "maps": {
    "old": {
      "segments": {
        "2": {
          "x0": 0.0,
          "y0": 0.0,
          "x1": 0.090909,
          "y1": 1.0
        },
        "3": {
          "x0": 0.090909,
          "y0": 0.0,
          "x1": 0.181818,
          "y1": 1.0
        },
        "4": {
          "x0": 0.181818,
          "y0": 0.0,
          "x1": 0.272727,
          "y1": 1.0
        },
        "5": {
          "x0": 0.272727,
          "y0": 0.0,
          "x1": 0.363636,
          "y1": 1.0
        },
        "6": {
          "x0": 0.363636,
          "y0": 0.0,
          "x1": 0.454545,
          "y1": 1.0
        },
        "7": {
          "x0": 0.454545,
          "y0": 0.0,
          "x1": 0.545455,
          "y1": 1.0
        },
        "8": {
          "x0": 0.545455,
          "y0": 0.0,
          "x1": 0.636364,
          "y1": 1.0
        },
        "9": {
          "x0": 0.636364,
          "y0": 0.0,
          "x1": 0.727273,
          "y1": 1.0
        },
        "10": {
          "x0": 0.727273,
          "y0": 0.0,
          "x1": 0.818182,
          "y1": 1.0
        },
        "11": {
          "x0": 0.818182,
          "y0": 0.0,
          "x1": 0.909091,
          "y1": 1.0
        },
        "12": {
          "x0": 0.909091,
          "y0": 0.0,
          "x1": 1.0,
          "y1": 1.0
        }
      }
    },
    "stitched": {
      "enabled": true,
      "dzi": "Tabula_Peutingeriana_150dpi_Stitched.dzi",
      "tileFolder": "Tabula_Peutingeriana_150dpi_Stitched_files/",
      "size": {
        "width": 32878,
        "height": 2125
      },
      "segments": {
        "2": {
          "x0": 0.0,
          "y0": 0.0,
          "x1": 0.107701,
          "y1": 1.0
        },
        "3": {
          "x0": 0.107701,
          "y0": 0.0,
          "x1": 0.220269,
          "y1": 1.0
        },
        "4": {
          "x0": 0.220269,
          "y0": 0.0,
          "x1": 0.336182,
          "y1": 1.0
        },
        "5": {
          "x0": 0.336182,
          "y0": 0.0,
          "x1": 0.44583,
          "y1": 1.0
        },
        "6": {
          "x0": 0.44583,
          "y0": 0.0,
          "x1": 0.556664,
          "y1": 1.0
        },
        "7": {
          "x0": 0.556664,
          "y0": 0.0,
          "x1": 0.662997,
          "y1": 1.0
        },
        "8": {
          "x0": 0.662997,
          "y0": 0.0,
          "x1": 0.774956,
          "y1": 1.0
        },
        "9": {
          "x0": 0.774956,
          "y0": 0.0,
          "x1": 0.878186,
          "y1": 1.0
        },
        "10": {
          "x0": 0.878186,
          "y0": 0.0,
          "x1": 0.990875,
          "y1": 1.0
        },
        "11": {
          "x0": 0.990875,
          "y0": 0.0,
          "x1": 0.995438,
          "y1": 1.0
        },
        "12": {
          "x0": 0.995438,
          "y0": 0.0,
          "x1": 1.0,
          "y1": 1.0
        }
      }
    },
    "readableSeg4": {
      "segments": {
        "4": {
          "x0": 0.0,
          "y0": 0.0,
          "x1": 1.0,
          "y1": 1.0
        }
      }
    }
  }
}